"Q1_scholar_id","Q2_cohort","Q3_training_track","Q4_country","Q5_gender","Q6_refugee_status","Q7_prior_education","Q8_age_range","Q9_device_internet_access","Q10_financial_stability","Q11_safety_belonging","access_thrive_score","Q12_content_relevance","Q13_practical_skills","Q14_training_satisfaction","learning_score","Q15_employment_confidence","Q16_career_plan_clarity","work_score","Q17_employment_status","Q18_employment_relevance","Q19_leadership_readiness","Q20_giveback_commitment","leadership_score","Q21_giveback_active","Q22_mentorship_intention","Q23_overall_satisfaction","Q24_nps_score","Q25_expectations_met","Q26_improvement_suggestion","program_completion"
"SCH-001",1,"Cybersecurity","Rwanda","Female","Yes","Primary school","36 and above",3,3,3,3,3,4,4,3.67,3,4,3.5,"Employed full-time","Not related",3,4,3.5,"Yes","Yes, definitely",3,5,"Met my expectations","More networking opportunities with alumni and employers.",0
"SCH-002",1,"Product Design","Nigeria","Male","No","Primary school","36 and above",3,3,4,3.33,4,4,4,4,4,3,3.5,"Employed part-time","Directly related",3,4,3.5,"Yes","Yes, definitely",4,7,"Partially met my expectations","Provide more emotional and mental health support resources.",1
"SCH-003",1,"Cybersecurity","Rwanda","Female","Yes","Undergraduate degree or higher","25-30",3,4,3,3.33,4,4,4,4,3,3,3,"Not currently seeking employment","Not applicable",3,3,3,"No","Yes, definitely",3,5,"Met my expectations","Better support for refugee scholars navigating documentation issues.",1
"SCH-004",1,"Digital Marketing","Rwanda","Female","No","Vocational / Technical certificate","18-24",5,3,4,4,5,4,4,4.33,4,3,3.5,"Employed full-time","Not related",3,3,3,"Yes","No",3,6,"Met my expectations","Better internet access support for scholars in rural areas.",1
"SCH-005",1,"Digital Marketing","Ethiopia","Female","No","Undergraduate degree or higher","25-30",4,4,4,4,5,4,4,4.33,3,5,4,"Employed part-time","Somewhat related",3,3,3,"Yes","No",4,7,"Met my expectations","The curriculum should be updated more regularly to reflect industry trends.",1
"SCH-006",1,"Data Analysis","Uganda","Male","No","No formal education","25-30",3,4,5,4,4,4,4,4,4,4,4,"Not currently seeking employment","Not applicable",3,3,3,"No","Possibly",4,7,"Met my expectations","Provide more emotional and mental health support resources.",0
"SCH-007",1,"Front-End Development","Nigeria","Female","Yes","Secondary school","25-30",4,2,4,3.33,4,4,3,3.67,4,4,4,"Employed full-time","Somewhat related",3,3,3,"No","Yes, definitely",4,7,"Partially met my expectations","More mentorship sessions with industry professionals.",0
"SCH-008",1,"Digital Marketing","Nigeria","Male","Yes","Secondary school","25-30",3,4,3,3.33,4,4,3,3.67,3,3,3,"Employed part-time","Directly related",3,3,3,"Yes","Yes, definitely",3,5,"Partially met my expectations","Better support for refugee scholars navigating documentation issues.",1
"SCH-009",1,"Front-End Development","Uganda","Female","Yes","Vocational / Technical certificate","25-30",3,3,4,3.33,4,4,4,4,3,4,3.5,"Actively seeking employment","Not applicable",4,3,3.5,"No","Possibly",4,7,"Partially met my expectations","More networking opportunities with alumni and employers.",1
"SCH-010",1,"Front-End Development","Uganda","Female","No","Undergraduate degree or higher","25-30",4,4,4,4,3,4,4,3.67,3,4,3.5,"Self-employed / Freelancing","Somewhat related",3,3,3,"Yes","Possibly",4,7,"Met my expectations","The curriculum should be updated more regularly to reflect industry trends.",1
"SCH-011",1,"Digital Marketing","Ghana","Male","No","Undergraduate degree or higher","25-30",5,4,4,4.33,4,4,3,3.67,3,4,3.5,"Employed full-time","Directly related",3,3,3,"Yes","Yes, definitely",4,7,"Partially met my expectations","The curriculum should be updated more regularly to reflect industry trends.",1
"SCH-012",1,"Front-End Development","Uganda","Female","No","No formal education","36 and above",3,3,3,3,4,4,4,4,3,3,3,"Actively seeking employment","Not applicable",4,3,3.5,"No","Yes, definitely",3,5,"Partially met my expectations","More career placement support after graduation.",0
"SCH-013",1,"Product Design","Tanzania","Female","Yes","Secondary school","31-35",3,3,4,3.33,4,4,4,4,3,3,3,"Employed part-time","Not related",4,4,4,"Yes","Possibly",3,6,"Partially met my expectations","Better support for refugee scholars navigating documentation issues.",1
"SCH-014",1,"Front-End Development","Nigeria","Prefer not to say","No","Undergraduate degree or higher","18-24",3,3,4,3.33,4,4,5,4.33,4,4,4,"Self-employed / Freelancing","Directly related",3,3,3,"No","Possibly",4,8,"Partially met my expectations","The curriculum should be updated more regularly to reflect industry trends.",1
"SCH-015",1,"Data Analysis","Ghana","Male","No","Secondary school","25-30",4,3,4,3.67,4,5,3,4,4,3,3.5,"Self-employed / Freelancing","Directly related",3,3,3,"No","No",4,9,"Met my expectations","Increase the duration of the program — 4 months feels too short.",1
"SCH-016",1,"Digital Marketing","Senegal","Male","Prefer not to say","Vocational / Technical certificate","25-30",4,4,4,4,4,4,3,3.67,4,4,4,"Employed full-time","Somewhat related",4,3,3.5,"Yes","Yes, definitely",4,7,"Met my expectations","More mentorship sessions with industry professionals.",1
"SCH-017",1,"Data Analysis","Senegal","Male","No","Undergraduate degree or higher","18-24",4,2,4,3.33,4,4,3,3.67,4,4,4,"Self-employed / Freelancing","Not related",3,4,3.5,"No","No",4,8,"Met my expectations","Provide more emotional and mental health support resources.",1
"SCH-018",1,"Data Analysis","Kenya","Male","No","Vocational / Technical certificate","18-24",3,3,4,3.33,5,4,4,4.33,4,4,4,"Not currently seeking employment","Not applicable",4,3,3.5,"No","Yes, definitely",4,7,"Partially met my expectations","Better support for refugee scholars navigating documentation issues.",0
"SCH-019",1,"Cybersecurity","Ghana","Non-binary","No","Secondary school","25-30",4,3,4,3.67,4,4,4,4,5,4,4.5,"Employed part-time","Directly related",4,3,3.5,"No","Yes, definitely",4,8,"Met my expectations","More mentorship sessions with industry professionals.",1
"SCH-020",1,"Digital Marketing","Senegal","Female","No","Primary school","18-24",5,2,4,3.67,4,4,4,4,3,3,3,"Not currently seeking employment","Not applicable",3,4,3.5,"No","No",3,4,"Partially met my expectations","More hands-on projects and real-world case studies.",1
"SCH-021",1,"Digital Marketing","Senegal","Male","Yes","Secondary school","25-30",3,3,3,3,3,4,3,3.33,4,4,4,"Employed full-time","Not related",4,3,3.5,"No","Possibly",4,7,"Met my expectations","More mentorship sessions with industry professionals.",1
"SCH-022",1,"Product Design","Kenya","Male","No","Undergraduate degree or higher","18-24",4,3,4,3.67,5,4,4,4.33,4,3,3.5,"Employed part-time","Not related",3,4,3.5,"No","Possibly",4,9,"Partially met my expectations","The curriculum should be updated more regularly to reflect industry trends.",1
"SCH-023",1,"Front-End Development","Nigeria","Male","No","Secondary school","25-30",4,2,3,3,4,4,4,4,3,5,4,"Employed full-time","Somewhat related",3,4,3.5,"No","Possibly",4,8,"Met my expectations","Increase the duration of the program — 4 months feels too short.",1
"SCH-024",1,"Digital Marketing","Tanzania","Female","Yes","Primary school","25-30",4,3,3,3.33,4,4,4,4,4,4,4,"Actively seeking employment","Not applicable",3,4,3.5,"No","Possibly",4,8,"Met my expectations","More hands-on projects and real-world case studies.",1
"SCH-025",1,"Product Design","Nigeria","Female","No","No formal education","25-30",4,3,4,3.67,4,5,5,4.67,3,2,2.5,"Employed full-time","Somewhat related",3,3,3,"Yes","Possibly",4,7,"Partially met my expectations","More networking opportunities with alumni and employers.",1
"SCH-026",1,"Product Design","Nigeria","Female","No","Secondary school","18-24",4,4,4,4,4,5,4,4.33,4,3,3.5,"Employed full-time","Somewhat related",3,4,3.5,"Yes","Possibly",4,7,"Met my expectations","Better internet access support for scholars in rural areas.",1
"SCH-027",1,"Front-End Development","Zimbabwe","Female","No","Undergraduate degree or higher","18-24",4,3,5,4,3,4,4,3.67,3,3,3,"Employed part-time","Not related",4,3,3.5,"Yes","Possibly",4,7,"Partially met my expectations","More mentorship sessions with industry professionals.",1
"SCH-028",1,"Front-End Development","Nigeria","Male","No","Secondary school","25-30",4,4,3,3.67,5,4,4,4.33,4,2,3,"Actively seeking employment","Not applicable",3,3,3,"Yes","Yes, definitely",4,7,"Met my expectations","The program should provide stipends to cover basic living costs.",1
"SCH-029",1,"Cybersecurity","Ghana","Female","No","Primary school","25-30",5,4,4,4.33,4,4,3,3.67,3,4,3.5,"Employed full-time","Somewhat related",3,4,3.5,"Yes","Yes, definitely",4,7,"Met my expectations","More networking opportunities with alumni and employers.",1
"SCH-030",1,"Data Analysis","Cameroon","Female","Yes","Undergraduate degree or higher","18-24",4,3,4,3.67,5,4,4,4.33,3,4,3.5,"Employed full-time","Somewhat related",3,4,3.5,"Yes","No",4,9,"Met my expectations","Increase the duration of the program — 4 months feels too short.",1
"SCH-031",1,"Digital Marketing","Ethiopia","Male","Yes","Secondary school","31-35",3,3,4,3.33,4,4,3,3.67,5,3,4,"Employed part-time","Not related",3,4,3.5,"No","Yes, definitely",4,8,"Met my expectations","Provide more emotional and mental health support resources.",0
"SCH-032",1,"Digital Marketing","Kenya","Male","No","Secondary school","25-30",3,5,4,4,4,4,5,4.33,4,3,3.5,"Employed full-time","Directly related",3,3,3,"No","Yes, definitely",4,10,"Partially met my expectations","Better support for refugee scholars navigating documentation issues.",1
"SCH-033",1,"Product Design","Rwanda","Female","Yes","Secondary school","31-35",3,3,3,3,3,4,4,3.67,4,3,3.5,"Actively seeking employment","Not applicable",4,3,3.5,"No","No",4,8,"Met my expectations","More networking opportunities with alumni and employers.",1
"SCH-034",1,"Product Design","Senegal","Male","No","Undergraduate degree or higher","25-30",4,2,4,3.33,3,5,4,4,4,3,3.5,"Employed full-time","Directly related",2,5,3.5,"No","No",3,5,"Partially met my expectations","Provide more emotional and mental health support resources.",1
"SCH-035",1,"Data Analysis","Kenya","Female","Prefer not to say","Secondary school","25-30",4,3,4,3.67,4,3,4,3.67,4,4,4,"Actively seeking employment","Not applicable",3,3,3,"No","Yes, definitely",4,8,"Met my expectations","Increase the duration of the program — 4 months feels too short.",1
"SCH-036",1,"Front-End Development","Uganda","Female","No","Secondary school","18-24",3,2,4,3,4,4,5,4.33,4,4,4,"Employed part-time","Directly related",3,4,3.5,"Yes","Possibly",4,8,"Partially met my expectations","Provide more emotional and mental health support resources.",1
"SCH-037",1,"Product Design","Tanzania","Male","No","Secondary school","18-24",3,3,4,3.33,3,4,4,3.67,5,3,4,"Self-employed / Freelancing","Somewhat related",4,3,3.5,"Yes","Possibly",3,7,"Partially met my expectations","More career placement support after graduation.",1
"SCH-038",1,"Data Analysis","Tanzania","Male","Yes","Vocational / Technical certificate","18-24",3,3,3,3,5,4,4,4.33,4,3,3.5,"Not currently seeking employment","Not applicable",3,3,3,"Yes","Possibly",4,7,"Met my expectations","More networking opportunities with alumni and employers.",1
"SCH-039",1,"Cybersecurity","Tanzania","Male","Yes","Primary school","36 and above",3,3,4,3.33,5,4,3,4,4,4,4,"Employed part-time","Somewhat related",3,2,2.5,"No","No",3,7,"Partially met my expectations","Better internet access support for scholars in rural areas.",1
"SCH-040",1,"Data Analysis","Zimbabwe","Female","No","Secondary school","25-30",4,4,4,4,3,3,4,3.33,4,3,3.5,"Self-employed / Freelancing","Directly related",4,3,3.5,"Yes","Yes, definitely",3,5,"Partially met my expectations","The program should provide stipends to cover basic living costs.",1
"SCH-041",1,"Data Analysis","Ghana","Male","Prefer not to say","Secondary school","18-24",4,3,4,3.67,4,5,4,4.33,3,4,3.5,"Employed full-time","Not related",3,2,2.5,"Yes","Possibly",4,7,"Met my expectations","More hands-on projects and real-world case studies.",1
"SCH-042",1,"Cybersecurity","Nigeria","Male","No","Secondary school","31-35",3,4,4,3.67,3,3,5,3.67,3,4,3.5,"Employed part-time","Not related",4,3,3.5,"Yes","Yes, definitely",3,5,"Met my expectations","Better internet access support for scholars in rural areas.",1
"SCH-043",1,"Cybersecurity","Uganda","Male","No","Vocational / Technical certificate","18-24",3,4,4,3.67,4,3,4,3.67,4,4,4,"Actively seeking employment","Not applicable",3,4,3.5,"No","Possibly",3,5,"Met my expectations","Better support for refugee scholars navigating documentation issues.",1
"SCH-044",1,"Cybersecurity","Kenya","Female","No","Undergraduate degree or higher","25-30",3,3,4,3.33,4,4,4,4,4,4,4,"Actively seeking employment","Not applicable",4,4,4,"Yes","Possibly",4,9,"Partially met my expectations","More career placement support after graduation.",1
"SCH-045",1,"Data Analysis","Uganda","Female","No","Vocational / Technical certificate","25-30",3,3,4,3.33,4,4,4,4,2,4,3,"Actively seeking employment","Not applicable",3,3,3,"Yes","Possibly",3,5,"Partially met my expectations","Provide more emotional and mental health support resources.",1
"SCH-046",1,"Data Analysis","Ghana","Male","No","Secondary school","18-24",4,4,5,4.33,4,4,5,4.33,3,3,3,"Employed full-time","Somewhat related",3,3,3,"Yes","Possibly",4,8,"Met my expectations","The program should provide stipends to cover basic living costs.",1
"SCH-047",1,"Data Analysis","Zimbabwe","Male","No","Undergraduate degree or higher","18-24",3,4,4,3.67,4,4,4,4,4,3,3.5,"Self-employed / Freelancing","Directly related",5,4,4.5,"No","Yes, definitely",4,6,"Met my expectations","More hands-on projects and real-world case studies.",0
"SCH-048",1,"Front-End Development","Ghana","Female","No","Secondary school","25-30",5,4,4,4.33,4,4,4,4,3,4,3.5,"Employed part-time","Directly related",4,3,3.5,"No","Yes, definitely",3,5,"Met my expectations","More networking opportunities with alumni and employers.",1
"SCH-049",1,"Cybersecurity","Kenya","Female","No","Secondary school","25-30",4,4,3,3.67,4,4,4,4,5,4,4.5,"Actively seeking employment","Not applicable",4,3,3.5,"No","Possibly",4,8,"Partially met my expectations","Increase the duration of the program — 4 months feels too short.",1
"SCH-050",1,"Digital Marketing","Ethiopia","Male","No","Vocational / Technical certificate","36 and above",3,4,4,3.67,3,4,4,3.67,4,2,3,"Not currently seeking employment","Not applicable",3,3,3,"Yes","Yes, definitely",3,5,"Met my expectations","The curriculum should be updated more regularly to reflect industry trends.",1
"SCH-051",1,"Data Analysis","Nigeria","Male","No","Vocational / Technical certificate","36 and above",4,4,4,4,3,4,4,3.67,3,3,3,"Self-employed / Freelancing","Directly related",4,4,4,"No","No",4,8,"Partially met my expectations","The program should provide stipends to cover basic living costs.",1
"SCH-052",1,"Cybersecurity","Zimbabwe","Male","No","Undergraduate degree or higher","18-24",3,4,3,3.33,5,5,5,5,3,4,3.5,"Employed part-time","Directly related",3,4,3.5,"No","Possibly",4,7,"Partially met my expectations","More career placement support after graduation.",1
"SCH-053",1,"Product Design","Uganda","Female","Prefer not to say","Undergraduate degree or higher","25-30",4,4,3,3.67,5,4,4,4.33,4,4,4,"Not currently seeking employment","Not applicable",4,3,3.5,"Yes","Yes, definitely",4,7,"Met my expectations","Provide more emotional and mental health support resources.",1
"SCH-054",1,"Data Analysis","Nigeria","Male","No","Secondary school","18-24",4,4,4,4,4,5,4,4.33,5,3,4,"Self-employed / Freelancing","Somewhat related",3,4,3.5,"Yes","Possibly",4,7,"Met my expectations","More hands-on projects and real-world case studies.",1
"SCH-055",1,"Front-End Development","Ethiopia","Male","No","Secondary school","18-24",4,4,4,4,4,4,4,4,4,4,4,"Employed full-time","Directly related",4,3,3.5,"Yes","No",4,7,"Met my expectations","The curriculum should be updated more regularly to reflect industry trends.",1
"SCH-056",1,"Data Analysis","Zimbabwe","Male","Prefer not to say","Primary school","18-24",3,3,3,3,4,4,4,4,4,4,4,"Employed part-time","Directly related",3,3,3,"Yes","Yes, definitely",4,8,"Met my expectations","Increase the duration of the program — 4 months feels too short.",1
"SCH-057",1,"Data Analysis","Tanzania","Male","No","Secondary school","25-30",4,3,4,3.67,5,3,4,4,3,4,3.5,"Employed part-time","Directly related",3,4,3.5,"No","Yes, definitely",4,7,"Met my expectations","More career placement support after graduation.",1
"SCH-058",1,"Product Design","Ghana","Female","No","Secondary school","18-24",4,4,3,3.67,4,3,4,3.67,4,5,4.5,"Employed part-time","Directly related",4,2,3,"Yes","No",3,4,"Met my expectations","More mentorship sessions with industry professionals.",1
"SCH-059",1,"Digital Marketing","Ghana","Female","No","No formal education","18-24",3,3,3,3,4,4,4,4,4,3,3.5,"Employed full-time","Directly related",3,4,3.5,"No","No",3,5,"Partially met my expectations","Provide more emotional and mental health support resources.",1
"SCH-060",1,"Cybersecurity","Senegal","Female","No","Undergraduate degree or higher","36 and above",4,3,4,3.67,3,4,3,3.33,2,3,2.5,"Employed part-time","Somewhat related",3,3,3,"No","Possibly",3,4,"Partially met my expectations","More career placement support after graduation.",1
"SCH-061",1,"Product Design","Nigeria","Male","No","Secondary school","31-35",4,4,3,3.67,5,4,4,4.33,3,4,3.5,"Self-employed / Freelancing","Directly related",4,3,3.5,"No","Yes, definitely",4,7,"Met my expectations","Better internet access support for scholars in rural areas.",1
"SCH-062",1,"Data Analysis","Nigeria","Male","No","Vocational / Technical certificate","18-24",5,4,4,4.33,4,4,4,4,4,2,3,"Employed full-time","Directly related",2,2,2,"No","No",3,6,"Partially met my expectations","Better internet access support for scholars in rural areas.",1
"SCH-063",1,"Cybersecurity","Cameroon","Female","No","Secondary school","31-35",4,3,4,3.67,3,4,3,3.33,3,4,3.5,"Actively seeking employment","Not applicable",4,4,4,"No","No",3,5,"Partially met my expectations","Better internet access support for scholars in rural areas.",0
"SCH-064",1,"Cybersecurity","Kenya","Male","No","Secondary school","18-24",4,3,4,3.67,4,4,4,4,4,3,3.5,"Employed full-time","Directly related",4,3,3.5,"No","Possibly",4,7,"Met my expectations","Better support for refugee scholars navigating documentation issues.",1
"SCH-065",1,"Product Design","Ghana","Female","Yes","Vocational / Technical certificate","25-30",3,3,3,3,4,4,4,4,3,5,4,"Self-employed / Freelancing","Not related",3,4,3.5,"Yes","Possibly",4,8,"Partially met my expectations","More hands-on projects and real-world case studies.",1
"SCH-066",1,"Cybersecurity","Rwanda","Female","No","Secondary school","18-24",4,4,3,3.67,5,4,4,4.33,4,2,3,"Actively seeking employment","Not applicable",3,4,3.5,"No","Yes, definitely",4,6,"Met my expectations","Increase the duration of the program — 4 months feels too short.",1
"SCH-067",1,"Product Design","Nigeria","Male","No","Vocational / Technical certificate","18-24",3,4,4,3.67,3,4,4,3.67,4,4,4,"Not currently seeking employment","Not applicable",3,3,3,"No","Possibly",3,5,"Partially met my expectations","The program should provide stipends to cover basic living costs.",1
"SCH-068",1,"Product Design","Nigeria","Female","No","Primary school","31-35",3,4,4,3.67,4,4,4,4,4,4,4,"Actively seeking employment","Not applicable",3,4,3.5,"No","No",4,8,"Met my expectations","The curriculum should be updated more regularly to reflect industry trends.",0
"SCH-069",1,"Product Design","Ghana","Male","Yes","Secondary school","18-24",3,3,3,3,5,4,4,4.33,4,4,4,"Not currently seeking employment","Not applicable",2,3,2.5,"No","Yes, definitely",3,4,"Partially met my expectations","More career placement support after graduation.",1
"SCH-070",1,"Cybersecurity","Uganda","Female","No","No formal education","31-35",3,4,4,3.67,5,4,4,4.33,5,4,4.5,"Actively seeking employment","Not applicable",3,4,3.5,"Yes","Yes, definitely",4,8,"Partially met my expectations","Provide more emotional and mental health support resources.",0
"SCH-071",1,"Product Design","Ghana","Female","Yes","Secondary school","18-24",3,4,4,3.67,5,4,3,4,3,3,3,"Actively seeking employment","Not applicable",4,4,4,"No","Possibly",3,6,"Partially met my expectations","More career placement support after graduation.",0
"SCH-072",1,"Front-End Development","Ghana","Male","No","Vocational / Technical certificate","18-24",2,4,3,3,5,3,4,4,2,4,3,"Employed full-time","Somewhat related",4,3,3.5,"No","Yes, definitely",3,6,"Partially met my expectations","The program should provide stipends to cover basic living costs.",0
"SCH-073",1,"Product Design","Senegal","Female","Yes","Undergraduate degree or higher","31-35",2,3,3,2.67,4,4,5,4.33,4,3,3.5,"Self-employed / Freelancing","Directly related",4,4,4,"No","No",4,8,"Met my expectations","The curriculum should be updated more regularly to reflect industry trends.",1
"SCH-074",1,"Data Analysis","Uganda","Female","No","Undergraduate degree or higher","18-24",3,3,3,3,4,3,4,3.67,4,4,4,"Employed full-time","Somewhat related",3,3,3,"Yes","Possibly",3,4,"Met my expectations","More career placement support after graduation.",0
"SCH-075",1,"Front-End Development","Uganda","Female","No","Primary school","18-24",4,3,3,3.33,4,3,3,3.33,3,4,3.5,"Employed full-time","Directly related",4,4,4,"Yes","Yes, definitely",4,7,"Partially met my expectations","The curriculum should be updated more regularly to reflect industry trends.",1
"SCH-076",1,"Data Analysis","Zimbabwe","Male","No","Undergraduate degree or higher","25-30",3,4,4,3.67,5,4,4,4.33,5,4,4.5,"Self-employed / Freelancing","Somewhat related",4,4,4,"Yes","Yes, definitely",4,6,"Met my expectations","More mentorship sessions with industry professionals.",1
"SCH-077",1,"Cybersecurity","Rwanda","Male","Yes","Vocational / Technical certificate","18-24",3,3,3,3,5,4,4,4.33,4,3,3.5,"Self-employed / Freelancing","Not related",3,4,3.5,"Yes","Yes, definitely",4,8,"Met my expectations","Increase the duration of the program — 4 months feels too short.",1
"SCH-078",1,"Front-End Development","Kenya","Female","No","Vocational / Technical certificate","25-30",4,4,4,4,3,4,4,3.67,4,3,3.5,"Self-employed / Freelancing","Directly related",3,3,3,"No","Possibly",3,7,"Met my expectations","Increase the duration of the program — 4 months feels too short.",1
"SCH-079",1,"Cybersecurity","Kenya","Female","No","Secondary school","18-24",3,3,4,3.33,4,5,4,4.33,4,4,4,"Employed full-time","Directly related",3,3,3,"Yes","Yes, definitely",4,9,"Met my expectations","More networking opportunities with alumni and employers.",1
"SCH-080",1,"Data Analysis","Zimbabwe","Female","No","Undergraduate degree or higher","25-30",4,3,3,3.33,4,4,5,4.33,3,4,3.5,"Actively seeking employment","Not applicable",3,2,2.5,"Yes","Possibly",3,5,"Met my expectations","More hands-on projects and real-world case studies.",1
"SCH-081",1,"Data Analysis","Ethiopia","Male","No","Secondary school","25-30",5,3,3,3.67,4,5,5,4.67,4,4,4,"Employed full-time","Directly related",4,4,4,"Yes","No",4,7,"Met my expectations","Provide more emotional and mental health support resources.",1
"SCH-082",1,"Product Design","Rwanda","Male","No","Primary school","18-24",3,3,4,3.33,3,4,4,3.67,4,4,4,"Actively seeking employment","Not applicable",3,4,3.5,"Yes","Possibly",4,7,"Partially met my expectations","More hands-on projects and real-world case studies.",1
"SCH-083",1,"Cybersecurity","Ghana","Male","Yes","Vocational / Technical certificate","18-24",3,3,3,3,4,4,4,4,4,4,4,"Employed part-time","Directly related",4,4,4,"No","Possibly",4,8,"Partially met my expectations","More hands-on projects and real-world case studies.",1
"SCH-084",1,"Product Design","Rwanda","Male","No","Vocational / Technical certificate","18-24",3,2,4,3,4,5,3,4,4,4,4,"Self-employed / Freelancing","Directly related",3,4,3.5,"No","Yes, definitely",4,7,"Partially met my expectations","More hands-on projects and real-world case studies.",1
"SCH-085",1,"Data Analysis","Uganda","Male","Yes","Undergraduate degree or higher","31-35",4,2,3,3,4,4,4,4,3,3,3,"Employed part-time","Not related",3,4,3.5,"No","Yes, definitely",3,5,"Partially met my expectations","Better internet access support for scholars in rural areas.",1
"SCH-086",1,"Cybersecurity","Cameroon","Male","Yes","Secondary school","25-30",3,3,4,3.33,4,3,5,4,5,4,4.5,"Employed full-time","Directly related",3,3,3,"Yes","Yes, definitely",4,8,"Met my expectations","Increase the duration of the program — 4 months feels too short.",1
"SCH-087",1,"Digital Marketing","Nigeria","Male","No","Vocational / Technical certificate","25-30",4,3,3,3.33,5,4,5,4.67,4,3,3.5,"Self-employed / Freelancing","Directly related",4,3,3.5,"Yes","Yes, definitely",4,7,"Partially met my expectations","More networking opportunities with alumni and employers.",0
"SCH-088",1,"Digital Marketing","Kenya","Female","No","Undergraduate degree or higher","18-24",4,3,3,3.33,3,5,4,4,3,4,3.5,"Self-employed / Freelancing","Directly related",4,3,3.5,"No","No",4,7,"Partially met my expectations","More career placement support after graduation.",1
"SCH-089",1,"Digital Marketing","Nigeria","Female","No","Secondary school","25-30",3,2,5,3.33,5,4,4,4.33,4,3,3.5,"Self-employed / Freelancing","Directly related",3,5,4,"No","Yes, definitely",4,8,"Met my expectations","Provide more emotional and mental health support resources.",1
"SCH-090",1,"Data Analysis","Kenya","Female","No","Undergraduate degree or higher","18-24",5,3,4,4,4,4,3,3.67,4,4,4,"Actively seeking employment","Not applicable",3,4,3.5,"Yes","Yes, definitely",3,7,"Partially met my expectations","Increase the duration of the program — 4 months feels too short.",0
"SCH-091",1,"Data Analysis","Zimbabwe","Female","No","Vocational / Technical certificate","31-35",4,4,3,3.67,3,4,5,4,4,3,3.5,"Self-employed / Freelancing","Directly related",4,3,3.5,"No","Yes, definitely",3,5,"Partially met my expectations","More mentorship sessions with industry professionals.",1
"SCH-092",1,"Product Design","Kenya","Male","No","Undergraduate degree or higher","31-35",3,4,4,3.67,5,4,4,4.33,4,3,3.5,"Actively seeking employment","Not applicable",3,4,3.5,"No","Yes, definitely",4,7,"Met my expectations","Better internet access support for scholars in rural areas.",1
"SCH-093",1,"Cybersecurity","Rwanda","Male","No","Secondary school","25-30",4,3,4,3.67,5,4,4,4.33,4,3,3.5,"Self-employed / Freelancing","Directly related",3,3,3,"No","Possibly",4,7,"Met my expectations","The program should provide stipends to cover basic living costs.",1
"SCH-094",1,"Product Design","Rwanda","Female","No","Vocational / Technical certificate","25-30",4,4,3,3.67,4,4,5,4.33,4,3,3.5,"Self-employed / Freelancing","Directly related",3,4,3.5,"Yes","No",4,9,"Partially met my expectations","Increase the duration of the program — 4 months feels too short.",1
"SCH-095",1,"Cybersecurity","Nigeria","Female","No","Undergraduate degree or higher","18-24",4,3,4,3.67,4,4,3,3.67,4,3,3.5,"Employed full-time","Somewhat related",3,4,3.5,"Yes","No",3,6,"Partially met my expectations","More mentorship sessions with industry professionals.",1
"SCH-096",1,"Data Analysis","Kenya","Male","Yes","Secondary school","18-24",3,3,3,3,4,5,4,4.33,3,4,3.5,"Self-employed / Freelancing","Directly related",2,2,2,"No","No",3,6,"Met my expectations","More hands-on projects and real-world case studies.",1
"SCH-097",1,"Product Design","Kenya","Female","No","Vocational / Technical certificate","25-30",4,4,4,4,4,4,5,4.33,3,3,3,"Employed part-time","Directly related",4,3,3.5,"No","Yes, definitely",4,7,"Met my expectations","Better support for refugee scholars navigating documentation issues.",1
"SCH-098",1,"Data Analysis","Nigeria","Female","No","Vocational / Technical certificate","18-24",3,3,5,3.67,4,4,4,4,4,3,3.5,"Employed full-time","Directly related",3,3,3,"No","Yes, definitely",4,6,"Met my expectations","Increase the duration of the program — 4 months feels too short.",1
"SCH-099",1,"Front-End Development","Nigeria","Female","No","Vocational / Technical certificate","25-30",3,3,3,3,4,4,5,4.33,4,4,4,"Employed part-time","Somewhat related",3,3,3,"Yes","Yes, definitely",3,6,"Met my expectations","Better support for refugee scholars navigating documentation issues.",1
"SCH-100",1,"Front-End Development","Zimbabwe","Female","No","Undergraduate degree or higher","18-24",4,4,4,4,4,4,4,4,4,5,4.5,"Not currently seeking employment","Not applicable",3,3,3,"No","No",4,9,"Met my expectations","More career placement support after graduation.",1
"SCH-101",2,"Front-End Development","Zimbabwe","Male","No","Secondary school","25-30",3,3,4,3.33,5,5,4,4.67,4,4,4,"Employed part-time","Directly related",4,4,4,"No","Possibly",4,7,"Met my expectations","More mentorship sessions with industry professionals.",1
"SCH-102",2,"Cybersecurity","Nigeria","Female","No","Undergraduate degree or higher","18-24",3,3,4,3.33,4,4,5,4.33,3,3,3,"Not currently seeking employment","Not applicable",4,3,3.5,"Yes","Possibly",4,7,"Partially met my expectations","More career placement support after graduation.",1
"SCH-103",2,"Front-End Development","Cameroon","Female","No","Undergraduate degree or higher","18-24",4,3,4,3.67,4,4,4,4,3,5,4,"Employed part-time","Directly related",4,3,3.5,"No","Yes, definitely",4,8,"Met my expectations","More mentorship sessions with industry professionals.",1
"SCH-104",2,"Digital Marketing","Ethiopia","Male","Yes","Vocational / Technical certificate","31-35",3,3,3,3,5,5,4,4.67,5,3,4,"Employed full-time","Directly related",4,4,4,"No","Possibly",4,9,"Met my expectations","More hands-on projects and real-world case studies.",1
"SCH-105",2,"Front-End Development","Ghana","Female","Yes","Vocational / Technical certificate","31-35",2,3,3,2.67,4,5,5,4.67,4,4,4,"Self-employed / Freelancing","Directly related",3,3,3,"No","Possibly",4,6,"Partially met my expectations","Provide more emotional and mental health support resources.",1
"SCH-106",2,"Digital Marketing","Uganda","Male","No","Undergraduate degree or higher","18-24",4,4,4,4,3,4,4,3.67,4,4,4,"Employed part-time","Somewhat related",4,4,4,"Yes","Yes, definitely",4,8,"Met my expectations","Better internet access support for scholars in rural areas.",1
"SCH-107",2,"Digital Marketing","Tanzania","Male","Yes","Secondary school","31-35",4,2,5,3.67,4,5,4,4.33,4,4,4,"Actively seeking employment","Not applicable",3,3,3,"Yes","Yes, definitely",4,8,"Met my expectations","Better support for refugee scholars navigating documentation issues.",1
"SCH-108",2,"Front-End Development","Nigeria","Female","No","Secondary school","18-24",5,4,4,4.33,4,4,5,4.33,4,4,4,"Employed part-time","Somewhat related",3,3,3,"No","Yes, definitely",4,8,"Met my expectations","More networking opportunities with alumni and employers.",1
"SCH-109",2,"Cybersecurity","Ghana","Female","No","Vocational / Technical certificate","25-30",4,3,5,4,4,4,4,4,4,4,4,"Employed full-time","Not related",4,3,3.5,"Yes","Possibly",4,8,"Met my expectations","The curriculum should be updated more regularly to reflect industry trends.",1
"SCH-110",2,"Data Analysis","Tanzania","Female","No","Secondary school","25-30",4,4,4,4,5,5,5,5,4,4,4,"Actively seeking employment","Not applicable",3,4,3.5,"No","Yes, definitely",4,7,"Met my expectations","The program should provide stipends to cover basic living costs.",1
"SCH-111",2,"Digital Marketing","Kenya","Male","No","Secondary school","25-30",5,4,5,4.67,5,4,5,4.67,4,4,4,"Actively seeking employment","Not applicable",5,4,4.5,"Yes","Possibly",5,10,"Met my expectations","Provide more emotional and mental health support resources.",1
"SCH-112",2,"Cybersecurity","Senegal","Male","No","Undergraduate degree or higher","25-30",5,3,4,4,4,4,5,4.33,4,3,3.5,"Self-employed / Freelancing","Somewhat related",5,5,5,"Yes","Yes, definitely",4,6,"Partially met my expectations","Better support for refugee scholars navigating documentation issues.",1
"SCH-113",2,"Data Analysis","Kenya","Male","No","Vocational / Technical certificate","25-30",3,4,4,3.67,5,4,4,4.33,4,4,4,"Employed full-time","Somewhat related",5,4,4.5,"Yes","Possibly",4,7,"Partially met my expectations","The program should provide stipends to cover basic living costs.",1
"SCH-114",2,"Digital Marketing","Uganda","Male","No","Secondary school","36 and above",4,3,4,3.67,4,5,4,4.33,4,4,4,"Not currently seeking employment","Not applicable",4,4,4,"No","Yes, definitely",4,7,"Met my expectations","Provide more emotional and mental health support resources.",1
"SCH-115",2,"Product Design","Kenya","Female","No","Vocational / Technical certificate","36 and above",4,3,4,3.67,4,5,4,4.33,5,4,4.5,"Actively seeking employment","Not applicable",3,4,3.5,"Yes","Possibly",4,6,"Partially met my expectations","Increase the duration of the program — 4 months feels too short.",1
"SCH-116",2,"Data Analysis","Nigeria","Female","Yes","Secondary school","18-24",4,3,3,3.33,5,4,4,4.33,3,4,3.5,"Employed part-time","Directly related",4,5,4.5,"No","Yes, definitely",3,8,"Partially met my expectations","Better support for refugee scholars navigating documentation issues.",1
"SCH-117",2,"Front-End Development","Zimbabwe","Female","No","Vocational / Technical certificate","25-30",4,3,4,3.67,4,5,4,4.33,4,3,3.5,"Employed full-time","Not related",4,3,3.5,"No","Possibly",4,8,"Met my expectations","The program should provide stipends to cover basic living costs.",1
"SCH-118",2,"Digital Marketing","Ghana","Female","No","Secondary school","18-24",3,3,4,3.33,4,4,4,4,4,3,3.5,"Actively seeking employment","Not applicable",4,4,4,"No","No",4,8,"Met my expectations","The curriculum should be updated more regularly to reflect industry trends.",1
"SCH-119",2,"Front-End Development","Uganda","Prefer not to say","No","Undergraduate degree or higher","25-30",4,4,4,4,4,4,5,4.33,3,3,3,"Actively seeking employment","Not applicable",4,3,3.5,"Yes","Possibly",4,8,"Met my expectations","More hands-on projects and real-world case studies.",1
"SCH-120",2,"Cybersecurity","Nigeria","Female","No","Secondary school","18-24",5,4,4,4.33,5,5,5,5,4,4,4,"Self-employed / Freelancing","Directly related",4,4,4,"Yes","Yes, definitely",4,8,"Met my expectations","Provide more emotional and mental health support resources.",1
"SCH-121",2,"Front-End Development","Ethiopia","Female","No","Vocational / Technical certificate","18-24",4,3,4,3.67,3,4,5,4,4,3,3.5,"Employed full-time","Directly related",3,5,4,"Yes","Yes, definitely",4,7,"Met my expectations","Increase the duration of the program — 4 months feels too short.",1
"SCH-122",2,"Cybersecurity","Tanzania","Male","Yes","Secondary school","18-24",3,2,5,3.33,5,5,5,5,3,4,3.5,"Actively seeking employment","Not applicable",4,3,3.5,"Yes","Possibly",4,6,"Partially met my expectations","Better support for refugee scholars navigating documentation issues.",1
"SCH-123",2,"Cybersecurity","Ethiopia","Male","No","Primary school","18-24",5,5,4,4.67,3,4,4,3.67,4,4,4,"Employed full-time","Somewhat related",4,3,3.5,"Yes","Yes, definitely",4,9,"Met my expectations","Provide more emotional and mental health support resources.",1
"SCH-124",2,"Data Analysis","Ghana","Male","No","Undergraduate degree or higher","31-35",4,5,5,4.67,4,3,5,4,3,3,3,"Employed part-time","Directly related",3,3,3,"Yes","Possibly",4,8,"Met my expectations","More hands-on projects and real-world case studies.",1
"SCH-125",2,"Cybersecurity","Cameroon","Male","Yes","No formal education","25-30",3,3,3,3,4,4,4,4,5,4,4.5,"Self-employed / Freelancing","Not related",4,4,4,"Yes","Possibly",4,8,"Partially met my expectations","The program should provide stipends to cover basic living costs.",1
"SCH-126",2,"Digital Marketing","Ethiopia","Male","No","Undergraduate degree or higher","31-35",4,4,4,4,5,4,4,4.33,5,4,4.5,"Employed part-time","Somewhat related",3,3,3,"Yes","Possibly",4,8,"Met my expectations","More career placement support after graduation.",1
"SCH-127",2,"Data Analysis","Kenya","Male","No","Undergraduate degree or higher","25-30",5,4,4,4.33,4,5,5,4.67,4,4,4,"Self-employed / Freelancing","Directly related",3,3,3,"No","Yes, definitely",4,7,"Met my expectations","Better support for refugee scholars navigating documentation issues.",1
"SCH-128",2,"Data Analysis","Ghana","Male","No","Undergraduate degree or higher","18-24",5,3,5,4.33,4,4,4,4,4,4,4,"Not currently seeking employment","Not applicable",3,3,3,"No","Possibly",4,8,"Met my expectations","More hands-on projects and real-world case studies.",1
"SCH-129",2,"Data Analysis","Nigeria","Male","No","Secondary school","25-30",4,3,4,3.67,5,4,4,4.33,4,4,4,"Actively seeking employment","Not applicable",5,5,5,"Yes","No",4,8,"Met my expectations","Better internet access support for scholars in rural areas.",1
"SCH-130",2,"Product Design","Senegal","Female","No","Vocational / Technical certificate","31-35",4,3,4,3.67,4,4,4,4,5,4,4.5,"Actively seeking employment","Not applicable",4,3,3.5,"Yes","Possibly",4,7,"Partially met my expectations","The curriculum should be updated more regularly to reflect industry trends.",1
"SCH-131",2,"Front-End Development","Zimbabwe","Female","No","Undergraduate degree or higher","31-35",3,3,3,3,4,4,4,4,3,3,3,"Employed part-time","Directly related",4,4,4,"Yes","Possibly",4,8,"Met my expectations","The program should provide stipends to cover basic living costs.",1
"SCH-132",2,"Digital Marketing","Ethiopia","Male","No","Secondary school","25-30",4,4,4,4,5,4,4,4.33,4,4,4,"Actively seeking employment","Not applicable",4,4,4,"No","Yes, definitely",4,7,"Met my expectations","More networking opportunities with alumni and employers.",1
"SCH-133",2,"Product Design","Ghana","Male","No","Undergraduate degree or higher","25-30",3,3,3,3,5,5,4,4.67,3,3,3,"Employed full-time","Directly related",3,4,3.5,"No","Possibly",3,6,"Partially met my expectations","More mentorship sessions with industry professionals.",1
"SCH-134",2,"Product Design","Zimbabwe","Male","No","Vocational / Technical certificate","25-30",4,3,4,3.67,4,5,3,4,4,3,3.5,"Employed full-time","Directly related",3,3,3,"No","No",4,8,"Met my expectations","Better internet access support for scholars in rural areas.",1
"SCH-135",2,"Front-End Development","Kenya","Female","No","Undergraduate degree or higher","31-35",4,4,4,4,5,5,4,4.67,4,3,3.5,"Self-employed / Freelancing","Directly related",3,3,3,"No","Yes, definitely",4,8,"Partially met my expectations","Increase the duration of the program — 4 months feels too short.",1
"SCH-136",2,"Product Design","Ethiopia","Female","No","Secondary school","31-35",3,2,4,3,4,5,4,4.33,3,3,3,"Employed part-time","Somewhat related",4,4,4,"Yes","No",4,6,"Met my expectations","More hands-on projects and real-world case studies.",1
"SCH-137",2,"Product Design","Nigeria","Male","No","Vocational / Technical certificate","18-24",4,4,5,4.33,4,4,4,4,5,4,4.5,"Not currently seeking employment","Not applicable",4,5,4.5,"Yes","No",4,7,"Partially met my expectations","Increase the duration of the program — 4 months feels too short.",1
"SCH-138",2,"Product Design","Uganda","Prefer not to say","No","Vocational / Technical certificate","18-24",4,3,4,3.67,5,5,4,4.67,4,4,4,"Actively seeking employment","Not applicable",4,3,3.5,"Yes","Possibly",4,7,"Met my expectations","Better internet access support for scholars in rural areas.",0
"SCH-139",2,"Digital Marketing","Nigeria","Female","No","Vocational / Technical certificate","18-24",4,3,3,3.33,3,4,5,4,5,3,4,"Actively seeking employment","Not applicable",4,4,4,"Yes","Possibly",4,7,"Met my expectations","Better support for refugee scholars navigating documentation issues.",1
"SCH-140",2,"Cybersecurity","Nigeria","Female","No","Undergraduate degree or higher","31-35",5,3,4,4,3,4,5,4,4,4,4,"Employed full-time","Directly related",4,4,4,"Yes","No",4,8,"Met my expectations","More career placement support after graduation.",1
"SCH-141",2,"Cybersecurity","Kenya","Prefer not to say","Yes","Secondary school","18-24",3,3,3,3,5,4,3,4,3,3,3,"Self-employed / Freelancing","Directly related",4,4,4,"No","Possibly",3,6,"Met my expectations","Provide more emotional and mental health support resources.",0
"SCH-142",2,"Cybersecurity","Ethiopia","Female","No","Undergraduate degree or higher","31-35",4,4,4,4,4,4,5,4.33,3,4,3.5,"Employed full-time","Directly related",4,3,3.5,"Yes","Possibly",4,8,"Met my expectations","Increase the duration of the program — 4 months feels too short.",1
"SCH-143",2,"Data Analysis","Rwanda","Female","No","Undergraduate degree or higher","31-35",4,3,5,4,5,4,3,4,4,4,4,"Employed full-time","Directly related",4,3,3.5,"No","Yes, definitely",4,7,"Met my expectations","More networking opportunities with alumni and employers.",0
"SCH-144",2,"Data Analysis","Nigeria","Male","No","Secondary school","36 and above",4,3,5,4,4,4,4,4,4,3,3.5,"Actively seeking employment","Not applicable",4,4,4,"Yes","No",4,7,"Met my expectations","More hands-on projects and real-world case studies.",1
"SCH-145",2,"Product Design","Senegal","Female","No","Vocational / Technical certificate","25-30",4,3,4,3.67,4,4,4,4,4,3,3.5,"Actively seeking employment","Not applicable",4,4,4,"No","Yes, definitely",4,7,"Met my expectations","More networking opportunities with alumni and employers.",1
"SCH-146",2,"Data Analysis","Tanzania","Male","No","No formal education","36 and above",3,3,4,3.33,5,3,4,4,4,5,4.5,"Actively seeking employment","Not applicable",3,4,3.5,"No","Possibly",4,8,"Met my expectations","More networking opportunities with alumni and employers.",1
"SCH-147",2,"Data Analysis","Rwanda","Male","No","Secondary school","31-35",3,3,3,3,4,4,5,4.33,4,4,4,"Employed part-time","Not related",3,3,3,"Yes","Yes, definitely",4,8,"Met my expectations","Increase the duration of the program — 4 months feels too short.",1
"SCH-148",2,"Data Analysis","Nigeria","Female","No","Vocational / Technical certificate","31-35",4,4,3,3.67,4,4,4,4,4,4,4,"Employed full-time","Somewhat related",3,4,3.5,"Yes","Yes, definitely",4,7,"Partially met my expectations","Better internet access support for scholars in rural areas.",1
"SCH-149",2,"Data Analysis","Ghana","Male","Yes","Undergraduate degree or higher","18-24",4,3,4,3.67,4,5,4,4.33,4,4,4,"Employed full-time","Not related",3,3,3,"Yes","No",4,8,"Met my expectations","More mentorship sessions with industry professionals.",1
"SCH-150",2,"Product Design","Tanzania","Male","Prefer not to say","Undergraduate degree or higher","18-24",4,4,4,4,5,4,3,4,3,4,3.5,"Employed full-time","Somewhat related",4,4,4,"Yes","Yes, definitely",4,7,"Met my expectations","Better support for refugee scholars navigating documentation issues.",1
"SCH-151",2,"Product Design","Uganda","Female","No","Secondary school","18-24",4,3,3,3.33,4,4,4,4,4,4,4,"Employed full-time","Directly related",3,4,3.5,"No","Possibly",4,8,"Partially met my expectations","The curriculum should be updated more regularly to reflect industry trends.",1
"SCH-152",2,"Front-End Development","Ghana","Female","Yes","Secondary school","25-30",3,2,3,2.67,4,4,5,4.33,4,3,3.5,"Employed full-time","Somewhat related",4,3,3.5,"Yes","Yes, definitely",3,7,"Partially met my expectations","More hands-on projects and real-world case studies.",1
"SCH-153",2,"Cybersecurity","Kenya","Female","Yes","Secondary school","18-24",4,3,4,3.67,4,4,5,4.33,4,4,4,"Self-employed / Freelancing","Directly related",4,3,3.5,"Yes","No",4,7,"Partially met my expectations","Better support for refugee scholars navigating documentation issues.",1
"SCH-154",2,"Data Analysis","Nigeria","Female","No","Secondary school","18-24",3,4,4,3.67,4,3,4,3.67,4,4,4,"Actively seeking employment","Not applicable",3,4,3.5,"No","No",4,8,"Met my expectations","More mentorship sessions with industry professionals.",1
"SCH-155",2,"Data Analysis","Kenya","Male","No","Secondary school","18-24",4,4,4,4,5,5,5,5,5,4,4.5,"Self-employed / Freelancing","Somewhat related",3,3,3,"Yes","Possibly",4,7,"Met my expectations","Better internet access support for scholars in rural areas.",0
"SCH-156",2,"Cybersecurity","Cameroon","Female","No","Undergraduate degree or higher","25-30",4,5,3,4,4,5,4,4.33,5,3,4,"Employed full-time","Directly related",3,5,4,"Yes","No",4,8,"Met my expectations","More networking opportunities with alumni and employers.",1
"SCH-157",2,"Front-End Development","Senegal","Female","No","Secondary school","18-24",3,4,4,3.67,4,4,5,4.33,4,4,4,"Employed part-time","Directly related",4,4,4,"Yes","Possibly",4,8,"Met my expectations","Better internet access support for scholars in rural areas.",1
"SCH-158",2,"Data Analysis","Rwanda","Male","No","Vocational / Technical certificate","31-35",4,3,4,3.67,4,4,4,4,4,4,4,"Employed full-time","Somewhat related",5,4,4.5,"No","Possibly",4,7,"Met my expectations","More networking opportunities with alumni and employers.",1
"SCH-159",2,"Cybersecurity","Nigeria","Female","No","Secondary school","18-24",4,3,4,3.67,4,4,5,4.33,4,3,3.5,"Employed part-time","Somewhat related",2,4,3,"Yes","Yes, definitely",3,5,"Partially met my expectations","Increase the duration of the program — 4 months feels too short.",1
"SCH-160",2,"Data Analysis","Nigeria","Female","No","Undergraduate degree or higher","31-35",4,4,3,3.67,5,4,4,4.33,4,4,4,"Employed full-time","Directly related",4,4,4,"Yes","Possibly",4,8,"Partially met my expectations","More networking opportunities with alumni and employers.",1
"SCH-161",2,"Front-End Development","Zimbabwe","Female","No","Vocational / Technical certificate","31-35",5,5,4,4.67,3,4,4,3.67,4,4,4,"Employed part-time","Somewhat related",3,5,4,"Yes","No",4,7,"Met my expectations","The curriculum should be updated more regularly to reflect industry trends.",1
"SCH-162",2,"Cybersecurity","Ghana","Female","No","Secondary school","18-24",3,4,4,3.67,5,4,5,4.67,4,4,4,"Employed full-time","Not related",4,4,4,"No","Yes, definitely",4,7,"Partially met my expectations","More networking opportunities with alumni and employers.",1
"SCH-163",2,"Front-End Development","Uganda","Male","No","Vocational / Technical certificate","18-24",4,4,4,4,4,4,4,4,3,4,3.5,"Employed full-time","Not related",3,4,3.5,"Yes","Yes, definitely",4,7,"Partially met my expectations","More career placement support after graduation.",1
"SCH-164",2,"Cybersecurity","Nigeria","Female","No","Undergraduate degree or higher","25-30",4,4,3,3.67,5,4,5,4.67,5,3,4,"Employed full-time","Directly related",4,4,4,"Yes","Yes, definitely",4,8,"Met my expectations","The curriculum should be updated more regularly to reflect industry trends.",1
"SCH-165",2,"Cybersecurity","Ethiopia","Male","No","Secondary school","31-35",4,3,4,3.67,3,4,4,3.67,4,4,4,"Self-employed / Freelancing","Directly related",3,4,3.5,"Yes","Possibly",4,8,"Met my expectations","More career placement support after graduation.",1
"SCH-166",2,"Front-End Development","Kenya","Female","No","Secondary school","25-30",3,3,4,3.33,5,5,5,5,4,3,3.5,"Self-employed / Freelancing","Directly related",5,5,5,"Yes","Yes, definitely",4,8,"Met my expectations","The curriculum should be updated more regularly to reflect industry trends.",1
"SCH-167",2,"Product Design","Kenya","Female","No","Secondary school","36 and above",3,4,4,3.67,5,4,4,4.33,4,3,3.5,"Actively seeking employment","Not applicable",4,3,3.5,"Yes","Yes, definitely",4,7,"Partially met my expectations","The program should provide stipends to cover basic living costs.",0
"SCH-168",2,"Data Analysis","Tanzania","Female","No","Undergraduate degree or higher","18-24",4,4,4,4,4,4,5,4.33,4,4,4,"Actively seeking employment","Not applicable",2,3,2.5,"Yes","Yes, definitely",4,6,"Met my expectations","More mentorship sessions with industry professionals.",1
"SCH-169",2,"Cybersecurity","Kenya","Male","Prefer not to say","Secondary school","25-30",4,4,4,4,4,3,4,3.67,5,4,4.5,"Actively seeking employment","Not applicable",4,2,3,"No","Possibly",4,7,"Partially met my expectations","Increase the duration of the program — 4 months feels too short.",1
"SCH-170",2,"Cybersecurity","Senegal","Male","No","Secondary school","18-24",5,4,5,4.67,4,5,4,4.33,3,3,3,"Actively seeking employment","Not applicable",5,4,4.5,"Yes","Yes, definitely",4,8,"Met my expectations","More career placement support after graduation.",1
"SCH-171",2,"Front-End Development","Nigeria","Male","Yes","Secondary school","25-30",4,3,3,3.33,5,4,4,4.33,5,4,4.5,"Employed part-time","Not related",5,3,4,"Yes","Possibly",4,7,"Partially met my expectations","The program should provide stipends to cover basic living costs.",1
"SCH-172",2,"Data Analysis","Senegal","Male","Yes","Secondary school","25-30",3,2,4,3,4,4,5,4.33,3,3,3,"Employed part-time","Not related",5,4,4.5,"No","Yes, definitely",4,9,"Met my expectations","Better internet access support for scholars in rural areas.",1
"SCH-173",2,"Digital Marketing","Ghana","Male","Yes","Undergraduate degree or higher","18-24",3,4,4,3.67,4,5,4,4.33,4,4,4,"Self-employed / Freelancing","Not related",3,3,3,"Yes","Yes, definitely",4,8,"Met my expectations","Provide more emotional and mental health support resources.",1
"SCH-174",2,"Product Design","Rwanda","Male","Yes","Vocational / Technical certificate","25-30",3,2,3,2.67,5,4,4,4.33,3,5,4,"Employed full-time","Directly related",4,4,4,"No","Possibly",4,7,"Partially met my expectations","More mentorship sessions with industry professionals.",1
"SCH-175",2,"Product Design","Tanzania","Female","No","Vocational / Technical certificate","18-24",4,3,4,3.67,4,5,4,4.33,4,3,3.5,"Self-employed / Freelancing","Somewhat related",5,4,4.5,"Yes","Yes, definitely",4,9,"Met my expectations","More hands-on projects and real-world case studies.",1
"SCH-176",2,"Front-End Development","Uganda","Female","No","Vocational / Technical certificate","25-30",4,4,5,4.33,5,4,5,4.67,4,3,3.5,"Self-employed / Freelancing","Directly related",4,3,3.5,"Yes","Possibly",4,9,"Met my expectations","Better internet access support for scholars in rural areas.",1
"SCH-177",2,"Cybersecurity","Ethiopia","Female","No","Undergraduate degree or higher","25-30",4,3,4,3.67,4,4,4,4,4,4,4,"Actively seeking employment","Not applicable",3,2,2.5,"No","Yes, definitely",4,7,"Partially met my expectations","Better internet access support for scholars in rural areas.",1
"SCH-178",2,"Front-End Development","Nigeria","Female","No","No formal education","25-30",4,3,4,3.67,4,4,5,4.33,4,4,4,"Self-employed / Freelancing","Directly related",4,4,4,"Yes","No",4,8,"Partially met my expectations","Provide more emotional and mental health support resources.",1
"SCH-179",2,"Digital Marketing","Kenya","Male","No","Secondary school","25-30",4,3,4,3.67,4,4,5,4.33,4,5,4.5,"Self-employed / Freelancing","Directly related",4,3,3.5,"Yes","No",3,6,"Met my expectations","More mentorship sessions with industry professionals.",1
"SCH-180",2,"Front-End Development","Tanzania","Male","No","Vocational / Technical certificate","18-24",3,4,5,4,5,4,4,4.33,3,5,4,"Employed part-time","Not related",3,3,3,"Yes","Yes, definitely",3,5,"Partially met my expectations","Provide more emotional and mental health support resources.",1
"SCH-181",2,"Product Design","Kenya","Female","No","Undergraduate degree or higher","18-24",5,4,4,4.33,4,4,5,4.33,3,4,3.5,"Employed full-time","Somewhat related",4,3,3.5,"No","Possibly",4,8,"Met my expectations","Provide more emotional and mental health support resources.",1
"SCH-182",2,"Cybersecurity","Senegal","Male","No","Undergraduate degree or higher","25-30",4,4,4,4,5,4,4,4.33,4,4,4,"Employed part-time","Somewhat related",3,4,3.5,"Yes","Possibly",3,5,"Partially met my expectations","More networking opportunities with alumni and employers.",1
"SCH-183",2,"Product Design","Kenya","Female","No","Primary school","36 and above",4,4,4,4,4,3,5,4,4,5,4.5,"Actively seeking employment","Not applicable",4,3,3.5,"No","Yes, definitely",3,5,"Met my expectations","More hands-on projects and real-world case studies.",1
"SCH-184",2,"Cybersecurity","Tanzania","Male","No","Secondary school","18-24",3,4,5,4,3,4,4,3.67,4,4,4,"Employed part-time","Directly related",4,3,3.5,"Yes","Yes, definitely",4,9,"Met my expectations","Better internet access support for scholars in rural areas.",1
"SCH-185",2,"Front-End Development","Cameroon","Male","Yes","Primary school","18-24",4,4,3,3.67,5,4,4,4.33,4,4,4,"Not currently seeking employment","Not applicable",4,3,3.5,"Yes","Yes, definitely",4,8,"Met my expectations","More hands-on projects and real-world case studies.",1
"SCH-186",2,"Front-End Development","Nigeria","Female","No","Secondary school","18-24",3,2,4,3,4,4,4,4,4,4,4,"Employed full-time","Somewhat related",4,4,4,"Yes","Yes, definitely",4,7,"Met my expectations","Increase the duration of the program — 4 months feels too short.",1
"SCH-187",2,"Cybersecurity","Nigeria","Female","No","Secondary school","25-30",3,3,4,3.33,4,5,4,4.33,4,3,3.5,"Self-employed / Freelancing","Somewhat related",3,3,3,"Yes","Possibly",4,8,"Met my expectations","Better support for refugee scholars navigating documentation issues.",1
"SCH-188",2,"Front-End Development","Tanzania","Female","No","Primary school","25-30",4,4,3,3.67,5,4,3,4,4,3,3.5,"Self-employed / Freelancing","Directly related",4,5,4.5,"Yes","Yes, definitely",4,8,"Met my expectations","Increase the duration of the program — 4 months feels too short.",1
"SCH-189",2,"Digital Marketing","Ghana","Female","Yes","Secondary school","25-30",3,4,3,3.33,4,5,4,4.33,5,5,5,"Employed full-time","Somewhat related",5,4,4.5,"No","Yes, definitely",4,8,"Partially met my expectations","The curriculum should be updated more regularly to reflect industry trends.",1
"SCH-190",2,"Digital Marketing","Senegal","Male","No","Secondary school","36 and above",3,3,4,3.33,5,5,5,5,3,3,3,"Employed full-time","Somewhat related",4,5,4.5,"Yes","Possibly",4,8,"Met my expectations","More mentorship sessions with industry professionals.",1
"SCH-191",2,"Cybersecurity","Zimbabwe","Male","Yes","No formal education","25-30",4,3,4,3.67,4,3,4,3.67,4,4,4,"Employed full-time","Somewhat related",4,3,3.5,"Yes","Possibly",4,5,"Partially met my expectations","Provide more emotional and mental health support resources.",1
"SCH-192",2,"Cybersecurity","Nigeria","Male","No","Vocational / Technical certificate","18-24",3,3,3,3,5,4,4,4.33,4,3,3.5,"Employed full-time","Somewhat related",4,4,4,"No","Yes, definitely",4,8,"Met my expectations","More career placement support after graduation.",1
"SCH-193",2,"Digital Marketing","Uganda","Female","No","Undergraduate degree or higher","18-24",4,4,3,3.67,4,5,5,4.67,3,4,3.5,"Employed full-time","Directly related",4,4,4,"No","Possibly",4,7,"Partially met my expectations","More networking opportunities with alumni and employers.",1
"SCH-194",2,"Front-End Development","Tanzania","Female","No","Undergraduate degree or higher","31-35",4,4,5,4.33,4,4,5,4.33,3,4,3.5,"Self-employed / Freelancing","Somewhat related",3,3,3,"No","Possibly",3,5,"Met my expectations","More networking opportunities with alumni and employers.",1
"SCH-195",2,"Digital Marketing","Nigeria","Male","No","Undergraduate degree or higher","31-35",3,4,4,3.67,4,4,5,4.33,4,4,4,"Self-employed / Freelancing","Somewhat related",4,5,4.5,"Yes","Possibly",4,8,"Met my expectations","More career placement support after graduation.",1
"SCH-196",2,"Front-End Development","Zimbabwe","Female","Yes","Vocational / Technical certificate","31-35",4,2,4,3.33,4,4,5,4.33,4,4,4,"Self-employed / Freelancing","Not related",4,5,4.5,"No","Yes, definitely",4,7,"Met my expectations","Increase the duration of the program — 4 months feels too short.",1
"SCH-197",2,"Cybersecurity","Kenya","Female","Prefer not to say","Vocational / Technical certificate","36 and above",4,4,4,4,4,5,4,4.33,5,4,4.5,"Self-employed / Freelancing","Directly related",4,3,3.5,"Yes","Yes, definitely",4,7,"Met my expectations","The curriculum should be updated more regularly to reflect industry trends.",1
"SCH-198",2,"Product Design","Nigeria","Female","No","Undergraduate degree or higher","25-30",4,4,4,4,4,4,4,4,4,4,4,"Employed full-time","Directly related",4,3,3.5,"No","No",4,8,"Met my expectations","The program should provide stipends to cover basic living costs.",0
"SCH-199",2,"Data Analysis","Tanzania","Female","No","Secondary school","25-30",4,4,4,4,4,4,3,3.67,5,3,4,"Employed full-time","Somewhat related",3,4,3.5,"Yes","Yes, definitely",4,8,"Met my expectations","Better support for refugee scholars navigating documentation issues.",1
"SCH-200",2,"Front-End Development","Rwanda","Female","No","Secondary school","18-24",4,3,4,3.67,4,4,5,4.33,3,4,3.5,"Not currently seeking employment","Not applicable",3,5,4,"Yes","Yes, definitely",4,9,"Met my expectations","More hands-on projects and real-world case studies.",1
"SCH-201",3,"Data Analysis","Ghana","Female","Yes","Secondary school","25-30",4,3,4,3.67,4,5,5,4.67,3,4,3.5,"Self-employed / Freelancing","Directly related",5,5,5,"No","Possibly",4,7,"Met my expectations","More hands-on projects and real-world case studies.",1
"SCH-202",3,"Digital Marketing","Ghana","Female","No","Secondary school","18-24",4,3,4,3.67,5,4,4,4.33,3,4,3.5,"Employed full-time","Directly related",3,3,3,"Yes","Yes, definitely",3,7,"Met my expectations","Better support for refugee scholars navigating documentation issues.",0
"SCH-203",3,"Front-End Development","Kenya","Female","No","Secondary school","25-30",3,4,3,3.33,4,4,4,4,5,4,4.5,"Employed part-time","Somewhat related",4,3,3.5,"Yes","Possibly",3,6,"Met my expectations","The curriculum should be updated more regularly to reflect industry trends.",0
"SCH-204",3,"Front-End Development","Nigeria","Female","No","Undergraduate degree or higher","36 and above",3,4,5,4,5,5,5,5,4,5,4.5,"Employed part-time","Not related",5,4,4.5,"Yes","Yes, definitely",4,7,"Partially met my expectations","Increase the duration of the program — 4 months feels too short.",1
"SCH-205",3,"Cybersecurity","Ghana","Female","Yes","Secondary school","31-35",4,4,5,4.33,4,4,4,4,4,3,3.5,"Self-employed / Freelancing","Directly related",4,5,4.5,"Yes","Possibly",4,8,"Met my expectations","More career placement support after graduation.",1
"SCH-206",3,"Digital Marketing","Nigeria","Non-binary","No","Vocational / Technical certificate","25-30",4,5,4,4.33,4,5,5,4.67,4,4,4,"Actively seeking employment","Not applicable",5,4,4.5,"Yes","Yes, definitely",4,7,"Partially met my expectations","More mentorship sessions with industry professionals.",1
"SCH-207",3,"Cybersecurity","Uganda","Female","No","Undergraduate degree or higher","18-24",3,4,4,3.67,3,5,5,4.33,5,4,4.5,"Self-employed / Freelancing","Directly related",2,4,3,"Yes","No",4,8,"Partially met my expectations","Provide more emotional and mental health support resources.",1
"SCH-208",3,"Cybersecurity","Uganda","Female","Yes","Primary school","25-30",4,4,4,4,4,5,4,4.33,5,5,5,"Employed full-time","Somewhat related",4,5,4.5,"No","No",4,8,"Met my expectations","The curriculum should be updated more regularly to reflect industry trends.",1
"SCH-209",3,"Data Analysis","Cameroon","Male","Prefer not to say","Secondary school","36 and above",3,3,5,3.67,5,4,5,4.67,4,4,4,"Actively seeking employment","Not applicable",5,5,5,"Yes","Possibly",5,10,"Met my expectations","Provide more emotional and mental health support resources.",1
"SCH-210",3,"Data Analysis","Ghana","Male","No","Primary school","25-30",4,4,5,4.33,4,4,4,4,3,4,3.5,"Employed part-time","Directly related",4,4,4,"Yes","Yes, definitely",4,8,"Partially met my expectations","The program should provide stipends to cover basic living costs.",1
"SCH-211",3,"Front-End Development","Uganda","Female","No","Vocational / Technical certificate","18-24",4,4,4,4,4,4,3,3.67,5,4,4.5,"Self-employed / Freelancing","Somewhat related",4,4,4,"Yes","No",4,7,"Met my expectations","Increase the duration of the program — 4 months feels too short.",1
"SCH-212",3,"Cybersecurity","Nigeria","Male","Yes","Primary school","18-24",4,4,5,4.33,5,5,4,4.67,4,4,4,"Self-employed / Freelancing","Somewhat related",4,4,4,"No","Possibly",4,6,"Met my expectations","More networking opportunities with alumni and employers.",1
"SCH-213",3,"Data Analysis","Senegal","Female","No","Vocational / Technical certificate","18-24",5,3,4,4,5,5,4,4.67,4,4,4,"Employed full-time","Directly related",4,4,4,"Yes","Possibly",4,8,"Met my expectations","More networking opportunities with alumni and employers.",1
"SCH-214",3,"Product Design","Ghana","Male","No","Secondary school","31-35",4,4,4,4,5,4,4,4.33,4,5,4.5,"Employed full-time","Directly related",4,3,3.5,"Yes","Yes, definitely",4,6,"Met my expectations","More hands-on projects and real-world case studies.",1
"SCH-215",3,"Data Analysis","Rwanda","Male","No","Secondary school","18-24",5,4,4,4.33,4,4,5,4.33,3,5,4,"Employed full-time","Directly related",3,3,3,"Yes","Possibly",4,7,"Partially met my expectations","The program should provide stipends to cover basic living costs.",1
"SCH-216",3,"Product Design","Nigeria","Female","No","Vocational / Technical certificate","36 and above",4,4,4,4,5,5,5,5,4,4,4,"Employed full-time","Directly related",5,4,4.5,"Yes","No",4,8,"Partially met my expectations","The program should provide stipends to cover basic living costs.",1
"SCH-217",3,"Cybersecurity","Uganda","Female","No","Undergraduate degree or higher","25-30",4,4,4,4,4,5,5,4.67,4,5,4.5,"Employed full-time","Directly related",4,4,4,"Yes","Possibly",4,9,"Partially met my expectations","More career placement support after graduation.",1
"SCH-218",3,"Cybersecurity","Rwanda","Female","Yes","Secondary school","25-30",3,3,3,3,4,5,3,4,4,4,4,"Actively seeking employment","Not applicable",4,5,4.5,"No","Possibly",4,8,"Met my expectations","Better internet access support for scholars in rural areas.",1
"SCH-219",3,"Product Design","Nigeria","Male","No","Vocational / Technical certificate","36 and above",5,4,5,4.67,4,5,5,4.67,3,4,3.5,"Actively seeking employment","Not applicable",3,4,3.5,"No","Yes, definitely",4,7,"Met my expectations","More mentorship sessions with industry professionals.",1
"SCH-220",3,"Digital Marketing","Senegal","Male","No","Secondary school","18-24",3,4,4,3.67,5,4,4,4.33,5,5,5,"Employed full-time","Somewhat related",4,4,4,"Yes","Yes, definitely",4,8,"Met my expectations","More networking opportunities with alumni and employers.",1
"SCH-221",3,"Cybersecurity","Kenya","Male","No","Primary school","31-35",4,4,4,4,4,4,5,4.33,5,4,4.5,"Not currently seeking employment","Not applicable",4,4,4,"Yes","Possibly",4,6,"Partially met my expectations","More mentorship sessions with industry professionals.",1
"SCH-222",3,"Digital Marketing","Ghana","Female","No","Undergraduate degree or higher","18-24",3,4,4,3.67,5,3,5,4.33,4,4,4,"Employed full-time","Directly related",4,4,4,"Yes","Possibly",4,7,"Met my expectations","More mentorship sessions with industry professionals.",1
"SCH-223",3,"Product Design","Kenya","Male","No","Undergraduate degree or higher","25-30",5,4,4,4.33,5,5,5,5,4,4,4,"Actively seeking employment","Not applicable",4,4,4,"No","Yes, definitely",4,7,"Met my expectations","More hands-on projects and real-world case studies.",1
"SCH-224",3,"Product Design","Nigeria","Prefer not to say","No","Primary school","18-24",4,4,4,4,4,5,4,4.33,5,4,4.5,"Actively seeking employment","Not applicable",5,4,4.5,"Yes","Yes, definitely",5,10,"Exceeded my expectations","The program should provide stipends to cover basic living costs.",1
"SCH-225",3,"Data Analysis","Uganda","Male","No","Undergraduate degree or higher","18-24",4,3,4,3.67,4,5,5,4.67,5,4,4.5,"Employed part-time","Not related",3,4,3.5,"Yes","Possibly",4,7,"Met my expectations","Better internet access support for scholars in rural areas.",1
"SCH-226",3,"Cybersecurity","Tanzania","Female","No","Secondary school","31-35",5,5,3,4.33,4,4,5,4.33,4,4,4,"Self-employed / Freelancing","Directly related",3,4,3.5,"No","Possibly",4,7,"Partially met my expectations","More networking opportunities with alumni and employers.",1
"SCH-227",3,"Front-End Development","Cameroon","Female","Yes","Undergraduate degree or higher","18-24",4,3,3,3.33,4,5,5,4.67,4,5,4.5,"Employed full-time","Directly related",5,3,4,"No","Possibly",4,7,"Met my expectations","The program should provide stipends to cover basic living costs.",1
"SCH-228",3,"Front-End Development","Nigeria","Female","No","No formal education","25-30",4,4,4,4,4,4,4,4,4,4,4,"Actively seeking employment","Not applicable",3,4,3.5,"Yes","Yes, definitely",4,7,"Met my expectations","More mentorship sessions with industry professionals.",1
"SCH-229",3,"Product Design","Zimbabwe","Female","No","Primary school","25-30",4,4,4,4,5,5,5,5,3,4,3.5,"Self-employed / Freelancing","Somewhat related",3,5,4,"Yes","Yes, definitely",4,7,"Met my expectations","The program should provide stipends to cover basic living costs.",1
"SCH-230",3,"Digital Marketing","Kenya","Male","No","Undergraduate degree or higher","18-24",3,4,4,3.67,4,5,4,4.33,4,5,4.5,"Actively seeking employment","Not applicable",5,4,4.5,"Yes","Possibly",4,8,"Partially met my expectations","More networking opportunities with alumni and employers.",1
"SCH-231",3,"Front-End Development","Cameroon","Female","No","Primary school","36 and above",4,4,5,4.33,4,5,4,4.33,5,4,4.5,"Self-employed / Freelancing","Somewhat related",4,4,4,"Yes","Yes, definitely",4,7,"Partially met my expectations","The program should provide stipends to cover basic living costs.",1
"SCH-232",3,"Cybersecurity","Tanzania","Male","Yes","Secondary school","25-30",4,2,3,3,4,5,4,4.33,3,5,4,"Not currently seeking employment","Not applicable",3,5,4,"No","No",4,8,"Met my expectations","More mentorship sessions with industry professionals.",1
"SCH-233",3,"Front-End Development","Uganda","Female","No","Vocational / Technical certificate","18-24",4,4,4,4,5,4,4,4.33,3,4,3.5,"Employed full-time","Directly related",5,4,4.5,"No","Yes, definitely",4,9,"Partially met my expectations","The program should provide stipends to cover basic living costs.",1
"SCH-234",3,"Data Analysis","Senegal","Male","No","Vocational / Technical certificate","36 and above",3,4,5,4,5,4,4,4.33,4,4,4,"Employed full-time","Directly related",4,4,4,"Yes","No",4,7,"Partially met my expectations","Better internet access support for scholars in rural areas.",1
"SCH-235",3,"Cybersecurity","Nigeria","Male","No","Undergraduate degree or higher","31-35",3,2,4,3,4,4,5,4.33,4,4,4,"Self-employed / Freelancing","Not related",3,5,4,"No","Yes, definitely",4,8,"Met my expectations","Increase the duration of the program — 4 months feels too short.",1
"SCH-236",3,"Cybersecurity","Rwanda","Male","Yes","Undergraduate degree or higher","25-30",3,4,4,3.67,4,4,5,4.33,3,3,3,"Actively seeking employment","Not applicable",4,4,4,"Yes","Possibly",4,8,"Partially met my expectations","More hands-on projects and real-world case studies.",1
"SCH-237",3,"Data Analysis","Ghana","Male","No","Vocational / Technical certificate","18-24",4,2,5,3.67,4,5,5,4.67,4,4,4,"Actively seeking employment","Not applicable",3,4,3.5,"Yes","Possibly",4,8,"Partially met my expectations","More hands-on projects and real-world case studies.",1
"SCH-238",3,"Product Design","Senegal","Male","No","Primary school","31-35",5,4,4,4.33,5,4,4,4.33,4,4,4,"Employed full-time","Not related",3,4,3.5,"No","Possibly",4,8,"Met my expectations","The curriculum should be updated more regularly to reflect industry trends.",1
"SCH-239",3,"Data Analysis","Uganda","Female","No","Vocational / Technical certificate","36 and above",5,3,4,4,5,4,5,4.67,4,5,4.5,"Employed part-time","Directly related",4,4,4,"Yes","Yes, definitely",4,9,"Met my expectations","More career placement support after graduation.",1
"SCH-240",3,"Product Design","Kenya","Female","No","Undergraduate degree or higher","31-35",4,3,4,3.67,4,5,4,4.33,4,4,4,"Employed full-time","Directly related",4,4,4,"Yes","Possibly",4,7,"Met my expectations","Better support for refugee scholars navigating documentation issues.",1
"SCH-241",3,"Front-End Development","Senegal","Non-binary","Yes","Secondary school","18-24",3,3,4,3.33,4,4,4,4,5,4,4.5,"Not currently seeking employment","Not applicable",4,4,4,"No","Possibly",4,8,"Met my expectations","Better internet access support for scholars in rural areas.",1
"SCH-242",3,"Product Design","Nigeria","Male","No","Vocational / Technical certificate","36 and above",4,5,4,4.33,5,4,5,4.67,4,4,4,"Self-employed / Freelancing","Directly related",4,4,4,"No","Possibly",4,7,"Met my expectations","More mentorship sessions with industry professionals.",1
"SCH-243",3,"Data Analysis","Senegal","Male","No","Secondary school","25-30",4,3,4,3.67,4,4,4,4,4,4,4,"Employed full-time","Directly related",4,4,4,"Yes","Possibly",4,7,"Met my expectations","More career placement support after graduation.",1
"SCH-244",3,"Front-End Development","Kenya","Female","Prefer not to say","Undergraduate degree or higher","18-24",4,4,5,4.33,4,5,4,4.33,5,3,4,"Self-employed / Freelancing","Somewhat related",5,5,5,"Yes","Possibly",4,7,"Partially met my expectations","Increase the duration of the program — 4 months feels too short.",1
"SCH-245",3,"Cybersecurity","Rwanda","Male","No","Vocational / Technical certificate","18-24",4,4,5,4.33,5,4,5,4.67,4,2,3,"Actively seeking employment","Not applicable",4,4,4,"No","Yes, definitely",4,9,"Met my expectations","More hands-on projects and real-world case studies.",1
"SCH-246",3,"Product Design","Zimbabwe","Female","No","Vocational / Technical certificate","18-24",4,3,4,3.67,4,4,4,4,5,5,5,"Self-employed / Freelancing","Somewhat related",3,4,3.5,"Yes","Possibly",4,7,"Met my expectations","More networking opportunities with alumni and employers.",0
"SCH-247",3,"Cybersecurity","Nigeria","Male","No","Secondary school","31-35",4,3,3,3.33,4,4,4,4,4,4,4,"Employed part-time","Somewhat related",4,5,4.5,"No","Yes, definitely",4,7,"Met my expectations","Increase the duration of the program — 4 months feels too short.",1
"SCH-248",3,"Digital Marketing","Senegal","Female","No","Undergraduate degree or higher","31-35",5,3,4,4,4,4,4,4,4,4,4,"Employed full-time","Directly related",4,3,3.5,"Yes","Possibly",4,7,"Partially met my expectations","More mentorship sessions with industry professionals.",1
"SCH-249",3,"Digital Marketing","Senegal","Female","No","Undergraduate degree or higher","36 and above",4,4,5,4.33,4,4,4,4,5,3,4,"Self-employed / Freelancing","Somewhat related",4,3,3.5,"Yes","Yes, definitely",4,8,"Partially met my expectations","More hands-on projects and real-world case studies.",1
"SCH-250",3,"Product Design","Ghana","Female","No","Secondary school","18-24",4,4,4,4,4,4,5,4.33,4,4,4,"Actively seeking employment","Not applicable",4,4,4,"No","Possibly",4,6,"Met my expectations","More mentorship sessions with industry professionals.",1
"SCH-251",3,"Cybersecurity","Ghana","Female","Yes","Undergraduate degree or higher","36 and above",4,5,3,4,4,4,5,4.33,4,4,4,"Actively seeking employment","Not applicable",3,4,3.5,"Yes","Yes, definitely",4,8,"Met my expectations","More hands-on projects and real-world case studies.",1
"SCH-252",3,"Data Analysis","Kenya","Male","No","Vocational / Technical certificate","31-35",3,4,5,4,4,5,4,4.33,5,4,4.5,"Employed full-time","Somewhat related",3,5,4,"Yes","Possibly",5,9,"Met my expectations","The curriculum should be updated more regularly to reflect industry trends.",1
"SCH-253",3,"Front-End Development","Ethiopia","Prefer not to say","No","Vocational / Technical certificate","31-35",4,4,4,4,5,5,5,5,4,5,4.5,"Employed full-time","Directly related",3,4,3.5,"Yes","No",4,7,"Met my expectations","Better internet access support for scholars in rural areas.",1
"SCH-254",3,"Cybersecurity","Cameroon","Male","Yes","Secondary school","25-30",4,4,3,3.67,5,4,5,4.67,5,5,5,"Self-employed / Freelancing","Somewhat related",5,3,4,"Yes","Possibly",4,7,"Met my expectations","More networking opportunities with alumni and employers.",0
"SCH-255",3,"Front-End Development","Uganda","Female","No","Undergraduate degree or higher","36 and above",5,3,4,4,4,5,5,4.67,4,4,4,"Actively seeking employment","Not applicable",4,4,4,"No","Possibly",4,8,"Met my expectations","More hands-on projects and real-world case studies.",1
"SCH-256",3,"Product Design","Ethiopia","Female","No","Vocational / Technical certificate","25-30",4,4,5,4.33,5,5,4,4.67,5,5,5,"Employed full-time","Directly related",5,3,4,"Yes","No",5,9,"Exceeded my expectations","The curriculum should be updated more regularly to reflect industry trends.",1
"SCH-257",3,"Data Analysis","Tanzania","Male","No","Secondary school","31-35",4,4,4,4,4,5,4,4.33,4,5,4.5,"Employed full-time","Not related",4,5,4.5,"Yes","Yes, definitely",4,8,"Partially met my expectations","More career placement support after graduation.",1
"SCH-258",3,"Cybersecurity","Uganda","Female","Yes","Vocational / Technical certificate","25-30",4,4,4,4,5,4,5,4.67,4,5,4.5,"Employed full-time","Not related",4,3,3.5,"Yes","Yes, definitely",4,7,"Met my expectations","The curriculum should be updated more regularly to reflect industry trends.",1
"SCH-259",3,"Front-End Development","Uganda","Female","No","Vocational / Technical certificate","25-30",3,4,4,3.67,5,4,5,4.67,5,4,4.5,"Actively seeking employment","Not applicable",5,3,4,"Yes","Yes, definitely",4,7,"Met my expectations","The curriculum should be updated more regularly to reflect industry trends.",1
"SCH-260",3,"Digital Marketing","Nigeria","Male","No","Secondary school","36 and above",4,4,4,4,5,4,4,4.33,5,4,4.5,"Actively seeking employment","Not applicable",5,4,4.5,"No","Possibly",4,7,"Met my expectations","More networking opportunities with alumni and employers.",1
"SCH-261",3,"Digital Marketing","Nigeria","Female","No","No formal education","25-30",4,3,4,3.67,5,5,5,5,4,3,3.5,"Not currently seeking employment","Not applicable",4,4,4,"Yes","Yes, definitely",4,8,"Met my expectations","More networking opportunities with alumni and employers.",1
"SCH-262",3,"Digital Marketing","Cameroon","Female","No","Vocational / Technical certificate","18-24",4,4,3,3.67,4,5,4,4.33,4,4,4,"Self-employed / Freelancing","Directly related",4,5,4.5,"Yes","Possibly",4,8,"Partially met my expectations","More mentorship sessions with industry professionals.",1
"SCH-263",3,"Product Design","Rwanda","Male","No","Vocational / Technical certificate","18-24",4,4,4,4,5,5,5,5,4,4,4,"Not currently seeking employment","Not applicable",4,3,3.5,"Yes","Possibly",4,8,"Met my expectations","Provide more emotional and mental health support resources.",1
"SCH-264",3,"Digital Marketing","Kenya","Female","No","Secondary school","25-30",4,4,4,4,5,4,4,4.33,5,4,4.5,"Self-employed / Freelancing","Directly related",4,4,4,"Yes","Yes, definitely",4,7,"Met my expectations","Better internet access support for scholars in rural areas.",1
"SCH-265",3,"Front-End Development","Tanzania","Male","No","Secondary school","25-30",4,4,5,4.33,4,4,4,4,3,4,3.5,"Employed full-time","Directly related",3,4,3.5,"No","Possibly",4,7,"Met my expectations","Increase the duration of the program — 4 months feels too short.",1
"SCH-266",3,"Front-End Development","Tanzania","Female","No","Primary school","36 and above",3,4,4,3.67,4,4,4,4,4,4,4,"Employed full-time","Directly related",4,4,4,"Yes","No",4,6,"Met my expectations","More career placement support after graduation.",1
"SCH-267",3,"Cybersecurity","Ghana","Female","No","Primary school","31-35",4,4,4,4,4,5,5,4.67,3,5,4,"Actively seeking employment","Not applicable",4,4,4,"Yes","Yes, definitely",4,7,"Met my expectations","More networking opportunities with alumni and employers.",1
"SCH-268",3,"Cybersecurity","Senegal","Female","No","Secondary school","18-24",4,4,5,4.33,5,4,5,4.67,5,3,4,"Not currently seeking employment","Not applicable",4,5,4.5,"No","Yes, definitely",4,7,"Partially met my expectations","Better internet access support for scholars in rural areas.",1
"SCH-269",3,"Data Analysis","Ethiopia","Female","No","Undergraduate degree or higher","25-30",3,4,5,4,3,5,4,4,4,4,4,"Self-employed / Freelancing","Somewhat related",3,3,3,"Yes","Yes, definitely",4,8,"Met my expectations","Better internet access support for scholars in rural areas.",1
"SCH-270",3,"Front-End Development","Cameroon","Male","Prefer not to say","Undergraduate degree or higher","36 and above",5,3,4,4,4,4,3,3.67,4,3,3.5,"Self-employed / Freelancing","Directly related",4,4,4,"Yes","No",4,6,"Partially met my expectations","Provide more emotional and mental health support resources.",1
"SCH-271",3,"Digital Marketing","Ethiopia","Female","No","Vocational / Technical certificate","25-30",4,4,4,4,5,4,4,4.33,5,3,4,"Self-employed / Freelancing","Somewhat related",4,4,4,"Yes","Possibly",4,8,"Partially met my expectations","Better internet access support for scholars in rural areas.",1
"SCH-272",3,"Data Analysis","Cameroon","Female","No","Secondary school","25-30",5,3,4,4,4,4,4,4,4,4,4,"Not currently seeking employment","Not applicable",4,3,3.5,"No","Yes, definitely",4,8,"Partially met my expectations","The program should provide stipends to cover basic living costs.",1
"SCH-273",3,"Data Analysis","Ethiopia","Male","No","Vocational / Technical certificate","18-24",3,3,5,3.67,4,4,4,4,5,4,4.5,"Employed full-time","Directly related",3,4,3.5,"Yes","Possibly",4,7,"Partially met my expectations","More career placement support after graduation.",1
"SCH-274",3,"Data Analysis","Ghana","Male","Yes","Undergraduate degree or higher","25-30",4,3,4,3.67,4,5,4,4.33,3,4,3.5,"Employed full-time","Not related",4,5,4.5,"Yes","Yes, definitely",4,6,"Partially met my expectations","More networking opportunities with alumni and employers.",1
"SCH-275",3,"Product Design","Cameroon","Male","No","Undergraduate degree or higher","18-24",4,3,3,3.33,5,5,4,4.67,5,4,4.5,"Actively seeking employment","Not applicable",4,4,4,"Yes","No",4,7,"Met my expectations","Increase the duration of the program — 4 months feels too short.",1
"SCH-276",3,"Product Design","Tanzania","Male","No","Vocational / Technical certificate","25-30",4,3,5,4,4,5,5,4.67,4,4,4,"Employed full-time","Somewhat related",4,4,4,"Yes","Possibly",4,8,"Partially met my expectations","Better support for refugee scholars navigating documentation issues.",1
"SCH-277",3,"Digital Marketing","Ghana","Female","No","Undergraduate degree or higher","18-24",4,4,4,4,5,5,4,4.67,4,5,4.5,"Employed full-time","Not related",4,5,4.5,"Yes","Yes, definitely",5,9,"Met my expectations","Provide more emotional and mental health support resources.",1
"SCH-278",3,"Front-End Development","Nigeria","Male","No","No formal education","18-24",4,3,4,3.67,3,5,4,4,4,4,4,"Employed part-time","Somewhat related",4,4,4,"No","Possibly",4,7,"Met my expectations","Better internet access support for scholars in rural areas.",1
"SCH-279",3,"Data Analysis","Ethiopia","Male","No","Vocational / Technical certificate","25-30",3,3,4,3.33,4,5,5,4.67,5,3,4,"Actively seeking employment","Not applicable",3,4,3.5,"Yes","Yes, definitely",4,7,"Partially met my expectations","Better support for refugee scholars navigating documentation issues.",1
"SCH-280",3,"Front-End Development","Uganda","Male","No","Vocational / Technical certificate","25-30",4,4,4,4,4,4,5,4.33,5,3,4,"Employed full-time","Somewhat related",4,4,4,"Yes","Yes, definitely",4,9,"Partially met my expectations","More hands-on projects and real-world case studies.",1
"SCH-281",3,"Product Design","Senegal","Female","No","Vocational / Technical certificate","18-24",4,5,4,4.33,4,4,4,4,3,3,3,"Self-employed / Freelancing","Not related",3,4,3.5,"Yes","Possibly",4,8,"Met my expectations","More career placement support after graduation.",1
"SCH-282",3,"Data Analysis","Senegal","Male","No","Secondary school","18-24",4,4,4,4,4,4,4,4,5,3,4,"Self-employed / Freelancing","Directly related",3,4,3.5,"Yes","No",4,8,"Met my expectations","The curriculum should be updated more regularly to reflect industry trends.",1
"SCH-283",3,"Cybersecurity","Senegal","Male","No","Vocational / Technical certificate","25-30",4,4,4,4,5,3,4,4,5,4,4.5,"Employed full-time","Directly related",4,5,4.5,"Yes","Yes, definitely",4,8,"Met my expectations","More career placement support after graduation.",1
"SCH-284",3,"Data Analysis","Ghana","Female","Yes","Vocational / Technical certificate","25-30",3,4,3,3.33,4,5,4,4.33,4,3,3.5,"Self-employed / Freelancing","Somewhat related",3,4,3.5,"Yes","Yes, definitely",4,9,"Partially met my expectations","More hands-on projects and real-world case studies.",1
"SCH-285",3,"Data Analysis","Senegal","Male","Yes","No formal education","18-24",4,3,4,3.67,4,4,5,4.33,4,3,3.5,"Actively seeking employment","Not applicable",3,4,3.5,"No","Possibly",4,7,"Partially met my expectations","More career placement support after graduation.",0
"SCH-286",3,"Cybersecurity","Nigeria","Male","No","Secondary school","18-24",5,4,5,4.67,3,5,3,3.67,4,5,4.5,"Self-employed / Freelancing","Somewhat related",4,4,4,"Yes","Yes, definitely",4,8,"Partially met my expectations","Provide more emotional and mental health support resources.",1
"SCH-287",3,"Data Analysis","Kenya","Female","No","Vocational / Technical certificate","36 and above",4,3,4,3.67,4,5,4,4.33,4,5,4.5,"Actively seeking employment","Not applicable",4,4,4,"Yes","Yes, definitely",4,8,"Partially met my expectations","More career placement support after graduation.",1
"SCH-288",3,"Data Analysis","Tanzania","Female","Yes","Undergraduate degree or higher","18-24",3,3,4,3.33,4,4,4,4,5,5,5,"Not currently seeking employment","Not applicable",4,5,4.5,"No","Yes, definitely",4,8,"Met my expectations","The curriculum should be updated more regularly to reflect industry trends.",1
"SCH-289",3,"Data Analysis","Zimbabwe","Female","No","Undergraduate degree or higher","25-30",5,5,4,4.67,4,4,3,3.67,4,5,4.5,"Self-employed / Freelancing","Somewhat related",3,4,3.5,"Yes","Possibly",4,7,"Met my expectations","More career placement support after graduation.",0
"SCH-290",3,"Product Design","Ethiopia","Female","No","Vocational / Technical certificate","31-35",3,4,4,3.67,4,5,4,4.33,4,4,4,"Self-employed / Freelancing","Somewhat related",4,3,3.5,"No","Yes, definitely",4,7,"Partially met my expectations","Better support for refugee scholars navigating documentation issues.",1
"SCH-291",3,"Cybersecurity","Uganda","Male","No","Secondary school","18-24",4,4,4,4,5,5,5,5,5,3,4,"Actively seeking employment","Not applicable",3,4,3.5,"No","Yes, definitely",4,7,"Met my expectations","More career placement support after graduation.",1
"SCH-292",3,"Data Analysis","Nigeria","Male","No","Secondary school","18-24",5,3,4,4,4,4,5,4.33,3,3,3,"Employed full-time","Directly related",4,4,4,"No","Possibly",4,7,"Met my expectations","The curriculum should be updated more regularly to reflect industry trends.",1
"SCH-293",3,"Data Analysis","Zimbabwe","Male","No","No formal education","25-30",5,3,5,4.33,4,5,4,4.33,4,4,4,"Employed full-time","Directly related",5,5,5,"Yes","Possibly",4,7,"Met my expectations","Better internet access support for scholars in rural areas.",1
"SCH-294",3,"Digital Marketing","Nigeria","Male","Yes","Vocational / Technical certificate","31-35",4,5,3,4,4,5,4,4.33,4,5,4.5,"Employed full-time","Directly related",4,4,4,"Yes","Yes, definitely",4,8,"Partially met my expectations","More mentorship sessions with industry professionals.",1
"SCH-295",3,"Product Design","Nigeria","Male","No","Secondary school","18-24",4,3,4,3.67,4,4,4,4,4,4,4,"Not currently seeking employment","Not applicable",4,4,4,"Yes","Yes, definitely",4,8,"Partially met my expectations","More mentorship sessions with industry professionals.",1
"SCH-296",3,"Product Design","Cameroon","Male","No","Vocational / Technical certificate","18-24",4,4,4,4,4,4,5,4.33,5,5,5,"Not currently seeking employment","Not applicable",4,5,4.5,"Yes","Yes, definitely",5,9,"Exceeded my expectations","The curriculum should be updated more regularly to reflect industry trends.",1
"SCH-297",3,"Digital Marketing","Uganda","Female","Yes","No formal education","25-30",3,4,4,3.67,4,5,3,4,4,4,4,"Self-employed / Freelancing","Directly related",3,5,4,"No","No",4,7,"Partially met my expectations","The curriculum should be updated more regularly to reflect industry trends.",1
"SCH-298",3,"Data Analysis","Ghana","Female","No","Secondary school","36 and above",5,4,4,4.33,4,5,5,4.67,4,3,3.5,"Self-employed / Freelancing","Directly related",4,4,4,"Yes","Yes, definitely",4,8,"Met my expectations","Provide more emotional and mental health support resources.",1
"SCH-299",3,"Data Analysis","Cameroon","Female","Prefer not to say","Vocational / Technical certificate","25-30",4,4,4,4,5,5,4,4.67,5,4,4.5,"Employed full-time","Somewhat related",4,3,3.5,"Yes","Yes, definitely",4,8,"Met my expectations","Increase the duration of the program — 4 months feels too short.",1
"SCH-300",3,"Product Design","Nigeria","Male","No","Undergraduate degree or higher","25-30",4,4,4,4,5,5,4,4.67,5,4,4.5,"Employed full-time","Directly related",3,3,3,"No","Possibly",4,8,"Met my expectations","Better support for refugee scholars navigating documentation issues.",1
